order_id,order_date,product_id,customer_name,quantity,product_name,category,unit_price,total_amount
1001,2026-08-01,101,Alice,2.0,Laptop,Electronics,60000,120000.0
1002,2026-08-01,102,Bob,1.0,Keyboard,Electronics,2500,2500.0
1003,2026-08-02,101,Alice,1.0,Laptop,Electronics,60000,60000.0
1004,2026-08-02,103,Charlie,3.0,Office Chair,Furniture,8000,24000.0
1005,2026-08-03,104,David,1.0,Desk,Furniture,12000,12000.0
1006,2026-08-03,102,Bob,2.0,Keyboard,Electronics,2500,5000.0
1007,2026-08-04,105,Eva,1.0,Mouse,Electronics,1200,1200.0
1008,2026-08-04,103,Charlie,2.0,Office Chair,Furniture,8000,16000.0
1009,2026-08-05,101,Alice,2.0,Laptop,Electronics,60000,120000.0
